{
  "meta_title": "",
  "meta_description": "",
  "sections": [
    {
      "type": "banner-slider",
      "autoplay": 9000,
      "slides": [
        {
          "img": "/img/uploads/bannerhome.jpg",
          "link": "/headset",
          "alt": "Headset banner",
          "start": "",
          "end": "",
          "mobile_img": "/img/uploads/bannerhome-mobile.jpg"
        }
      ]
    },
    {
      "type": "collection-shelf",
      "shuffle": false,
      "limit": 12,
      "page": 1,
      "collection_id": "60c3889c641ad82fcc2647dc:categories:Chinelo Slide:/chinelo-slide",
      "sort": "news"
    },
    {
      "type": "banners-grid",
      "banners": [
        {
          "img": "/img/uploads/chinelo.jpg"
        },
        {
          "img": "/img/uploads/mochila.jpg"
        },
        {
          "img": "/img/uploads/camisetas.jpg"
        },
        {
          "img": "/img/uploads/colar.jpg"
        },
        {
          "img": "/img/uploads/flamulas.jpg"
        },
        {
          "img": "/img/uploads/cama-de-gato.jpg"
        }
      ]
    },
    {
      "type": "collection-shelf",
      "shuffle": true,
      "collection_id": "604a01b7a735d032cbb8942c:categories:Fontes de Água:/fontes-de-agua",
      "limit": 12,
      "page": 1,
      "sort": "news"
    },
    {
      "type": "info-bar",
      "enabled": false
    },
    {
      "type": "page-title",
      "title": "",
      "description": ""
    }
  ]
}